{"count":1,"self":43.243359999999996,"total":56.897937199999994,"children":{"InitializeActuators":{"count":1,"self":0.0010607,"total":0.0010607,"children":null},"InitializeSensors":{"count":1,"self":0.0016086,"total":0.0016086,"children":null},"AgentSendState":{"count":10405,"self":0.27492669999999997,"total":0.3170962,"children":{"CollectObservations":{"count":10405,"self":0.0040526,"total":0.0040526,"children":null},"WriteActionMask":{"count":10405,"self":0.0065956999999999995,"total":0.0065956999999999995,"children":null},"RequestDecision":{"count":10405,"self":0.0315212,"total":0.0315212,"children":null}}},"DecideAction":{"count":10405,"self":8.1490528,"total":13.168830999999999,"children":{"RayPerceptionSensor.Perceive":{"count":10405,"self":5.0197784,"total":5.0197783,"children":null}}},"AgentAct":{"count":10405,"self":0.16491309999999998,"total":0.16491309999999998,"children":null}},"gauges":{"CarBehaviour.CumulativeReward":{"count":15,"max":70.0428543,"min":-535.7362,"runningAverage":-0.620603263,"value":70.0428543,"weightedAverage":-31.2612019}},"metadata":{"timer_format_version":"0.1.0","start_time_seconds":"1713806581","unity_version":"2023.1.11f1","command_line_arguments":"B:\\Unity Install\\2023.1.11f1\\Editor\\Unity.exe -projectpath F:\\CS 455\\AI_ML_Imitation\\Parking Environment -useHub -hubIPC -cloudEnvironment production -licensingIpc LicenseClient-jjbui -hubSessionId 241433b7-754e-4992-9041-9615d1e65e05 -accessToken GLonRTqV6oqp5nIiTPzsE213A8tqqboUEIR3x5Kkq54012f","communication_protocol_version":"1.5.0","com.unity.ml-agents_version":"2.0.1","scene_name":"90Deg","end_time_seconds":"1713806638"}}